Date,Email Address,No Error,Number of Errors,Total,Error Rate,CSAT YES,CSAT Survey Count,CSAT,TeamLead,Age,Tenure,Shift
12/29/2017,archie.cortez@basil.com,320,0,320,0.00%,49,116,42.24%,Don De Marco,30,7,MID
9/29/2017,debonaire.liwanag@abc.com,736,3,739,0.41%,25,95,26.32%,Don De Marco,45,10,PM
9/3/2017,arvin.angeles@basil.com,601,4,605,0.66%,46,144,31.94%,Don De Marco,37,5,MID
10/2/2017,michelle.canlas02@jasondaman.com,810,8,818,0.98%,58,131,44.27%,Don De Marco,39,2,MID
6/23/2017,hanna.luat@jasondaman.com,196,2,198,1.01%,97,118,82.20%,Joey Jordison,46,9,AM
8/20/2017,regine.samson@tuso.com,388,4,392,1.02%,55,142,38.73%,Joey Jordison,59,4,PM
8/25/2017,jammie.egbert@basil.com,755,8,763,1.05%,39,104,37.50%,Buckey Barnes,34,9,PM
3/20/2017,avigail.manalili@jasondaman.com,824,9,833,1.08%,49,97,50.52%,Don De Marco,33,7,PM
6/1/2017,maria.tatlonghari@basil.com,449,5,454,1.10%,79,117,67.52%,Joey Jordison,63,9,AM
4/28/2017,debonaire.liwanag@basil.com,353,4,357,1.12%,33,134,24.63%,Joey Jordison,26,6,PM
10/28/2017,marie.aguas@jasondaman.com,779,9,788,1.14%,24,131,18.32%,Don De Marco,38,2,MID
12/16/2017,aljen.lizada@jasondaman.com,738,9,747,1.20%,38,138,27.54%,Joey Jordison,21,6,AM
10/20/2017,raissa.utulo@abc.com,311,4,315,1.27%,46,139,33.09%,Don De Marco,36,1,MID
11/24/2017,maria.tatlonghari@basil.com,880,12,892,1.35%,30,126,23.81%,Don De Marco,42,8,MID
2/10/2017,jammie.egbert@jom.com,794,11,805,1.37%,23,91,25.27%,Don De Marco,42,8,AM
11/8/2017,jerico.alde@tuso.com,865,12,877,1.37%,31,109,28.44%,Don De Marco,23,8,MID
5/9/2017,angelo.agbannaoag@jasondaman.com,933,13,946,1.37%,45,131,34.35%,Buckey Barnes,22,5,AM
3/27/2017,catherin.gajelan@tuso.com,765,11,776,1.42%,51,126,40.48%,Buckey Barnes,30,2,MID
11/6/2017,aljen.lizada@tuso.com,689,10,699,1.43%,22,111,19.82%,Don De Marco,52,6,MID
11/4/2017,portia.bautista@basil.com,"1,065",16,"1,081",1.48%,61,114,53.51%,Don De Marco,56,3,MID
8/12/2017,julien.reyes@jasondaman.com,387,6,393,1.53%,89,91,97.80%,Joey Jordison,57,10,AM
5/14/2017,alexander.dula@tuso.com,513,8,521,1.54%,63,94,67.02%,Joey Jordison,27,6,PM
11/23/2017,bill.badilla@jasondaman.com,307,5,312,1.60%,65,109,59.63%,Buckey Barnes,38,6,PM
1/1/2017,bill.bautista@abc.com,601,10,611,1.64%,96,123,78.05%,Buckey Barnes,46,8,AM
5/21/2017,maria.gagarin@basil.com,"1,021",18,"1,039",1.73%,94,127,74.02%,Don De Marco,48,3,PM
4/7/2017,raissa.utulo@basil.com,680,13,693,1.88%,25,119,21.01%,Joey Jordison,51,9,PM
3/28/2017,ranie.liwanag@basil.com,"1,029",20,"1,049",1.91%,90,130,69.23%,Buckey Barnes,48,9,AM
6/28/2017,aljon.rivera@jom.com,717,14,731,1.92%,61,119,51.26%,Buckey Barnes,26,2,AM
6/6/2017,valesca.castro@jasondaman.com,969,19,988,1.92%,59,90,65.56%,Buckey Barnes,38,8,AM
2/11/2017,reinerio.echauz@tuso.com,803,16,819,1.95%,74,121,61.16%,Joey Jordison,24,3,PM
11/19/2017,bill.badilla@basil.com,729,15,744,2.02%,50,92,54.35%,Buckey Barnes,48,2,MID
1/27/2017,avigail.manalili@jom.com,857,18,875,2.06%,90,138,65.22%,Buckey Barnes,46,6,AM
11/25/2017,janessa.munoz@jasondaman.com,898,19,917,2.07%,100,149,67.11%,Buckey Barnes,24,1,AM
1/24/2017,karlo.delacruz@tuso.com,"1,180",25,"1,205",2.07%,76,140,54.29%,Don De Marco,35,1,AM
3/8/2017,edward.malig@abc.com,459,10,469,2.13%,62,146,42.47%,Joey Jordison,45,7,AM
4/16/2017,jessica.higginbottom@tuso.com,"1,273",28,"1,301",2.15%,35,102,34.31%,Don De Marco,54,7,AM
7/24/2017,avigail.manalili@abc.com,"1,042",23,"1,065",2.16%,88,98,89.80%,Buckey Barnes,59,1,PM
8/11/2017,michelle.canlas02@basil.com,585,13,598,2.17%,44,104,42.31%,Don De Marco,41,3,AM
9/13/2017,bill.badilla@jom.com,624,14,638,2.19%,56,115,48.70%,Joey Jordison,62,1,MID
8/6/2017,arvin.angeles@jasondaman.com,"1,044",24,"1,068",2.25%,31,130,23.85%,Joey Jordison,52,4,MID
3/31/2017,arvin.angeles@basil.com,693,16,709,2.26%,30,125,24.00%,Joey Jordison,46,8,PM
4/9/2017,michael.villegas@jom.com,866,20,886,2.26%,41,109,37.61%,Buckey Barnes,36,3,PM
3/6/2017,aljen.lizada@basil.com,914,22,936,2.35%,30,142,21.13%,Buckey Barnes,48,8,AM
10/26/2017,reinerio.echauz@basil.com,884,22,906,2.43%,43,97,44.33%,Buckey Barnes,65,9,AM
11/7/2017,avigail.manalili@jasondaman.com,"1,158",29,"1,187",2.44%,60,147,40.82%,Buckey Barnes,44,7,AM
1/8/2017,arvin.angeles@tuso.com,592,15,607,2.47%,81,133,60.90%,Joey Jordison,45,8,AM
2/18/2017,maria.alindada@jasondaman.com,858,22,880,2.50%,66,137,48.18%,Buckey Barnes,62,2,AM
1/6/2017,ryan.perez@jom.com,462,13,475,2.74%,33,114,28.95%,Joey Jordison,24,6,AM
8/8/2017,joy.vargas@jasondaman.com,599,19,618,3.07%,75,147,51.02%,Joey Jordison,54,3,PM
11/28/2017,debonaire.liwanag@tuso.com,647,21,668,3.14%,77,129,59.69%,Don De Marco,51,6,MID
3/1/2017,bill.badilla@abc.com,373,13,386,3.37%,60,120,50.00%,Joey Jordison,21,4,MID
6/2/2017,jessica.higginbottom@abc.com,792,29,821,3.53%,29,149,19.46%,Buckey Barnes,65,4,PM
1/22/2017,archie.cortez@tuso.com,933,57,990,5.76%,74,130,56.92%,Buckey Barnes,49,1,AM
9/15/2017,mark.antonio@basil.com,450,0,450,0.00%,98,104,94.23%,Don De Marco,39,10,MID
2/4/2017,allan.manabat@tuso.com,392,3,395,0.76%,35,118,29.66%,Don De Marco,55,9,MID
6/14/2017,calvin.martinez@jom.com,711,4,715,0.56%,23,108,21.30%,Don De Marco,25,3,PM
1/28/2017,aljon.rivera@tuso.com,353,8,361,2.22%,62,143,43.36%,Don De Marco,31,6,AM
12/25/2017,maria.gagarin@tuso.com,1016,2,1018,0.20%,80,91,87.91%,Joey Jordison,37,10,MID
9/10/2017,avigail.manalili@basil.com,1198,4,1202,0.33%,39,99,39.39%,Joey Jordison,46,7,PM
1/5/2017,regine.samson@basil.com,661,8,669,1.20%,90,93,96.77%,Buckey Barnes,24,4,PM
7/22/2017,john.david@jom.com,386,9,395,2.28%,37,100,37.00%,Don De Marco,22,8,PM
12/7/2017,raissa.utulo@abc.com,714,5,719,0.70%,76,113,67.26%,Joey Jordison,60,9,PM
9/26/2017,bill.bautista@basil.com,1192,4,1196,0.33%,73,96,76.04%,Joey Jordison,53,7,AM
12/27/2017,joy.vargas@jasondaman.com,1189,9,1198,0.75%,48,114,42.11%,Don De Marco,64,7,AM
9/15/2017,arvin.angeles@tuso.com,579,9,588,1.53%,89,144,61.81%,Joey Jordison,22,4,AM
6/1/2017,reinerio.echauz@jasondaman.com,975,4,979,0.41%,87,144,60.42%,Don De Marco,55,7,MID
12/28/2017,jerico.alde@abc.com,707,12,719,1.67%,82,109,75.23%,Don De Marco,46,4,MID
11/1/2017,maria.tatlonghari@basil.com,579,11,590,1.86%,74,99,74.75%,Don De Marco,34,8,MID
3/10/2017,raissa.utulo@basil.com,420,12,432,2.78%,42,143,29.37%,Don De Marco,50,2,AM
2/26/2017,jonathan.euperio@tuso.com,980,13,993,1.31%,32,91,35.16%,Buckey Barnes,42,10,MID
9/8/2017,mark.antonio@tuso.com,510,11,521,2.11%,47,101,46.53%,Buckey Barnes,42,6,PM
5/3/2017,reymar.gasparillo@basil.com,433,10,443,2.26%,77,128,60.16%,Don De Marco,33,1,AM
6/21/2017,janessa.munoz@tuso.com,778,16,794,2.02%,89,134,66.42%,Don De Marco,50,5,AM
10/7/2017,lorenzo.pingul@tuso.com,1184,6,1190,0.50%,87,111,78.38%,Joey Jordison,44,4,PM
12/7/2017,jerico.alde@basil.com,369,8,377,2.12%,78,136,57.35%,Joey Jordison,36,10,AM
1/24/2017,karen.garces@jasondaman.com,378,5,383,1.31%,74,104,71.15%,Buckey Barnes,23,9,AM
6/20/2017,calvin.martinez@basil.com,1042,10,1052,0.95%,41,150,27.33%,Buckey Barnes,22,9,PM
4/23/2017,bill.bautista@tuso.com,1147,18,1165,1.55%,66,114,57.89%,Don De Marco,42,7,MID
8/16/2017,arvin.angeles@jom.com,739,13,752,1.73%,37,143,25.87%,Joey Jordison,65,1,MID
12/28/2017,rolando.cabrera@tuso.com,420,20,440,4.55%,41,104,39.42%,Buckey Barnes,42,7,PM
6/29/2017,deanly.dizon@jom.com,690,14,704,1.99%,73,118,61.86%,Buckey Barnes,40,6,MID
4/29/2017,michelle.canlas02@tuso.com,1191,19,1210,1.57%,90,140,64.29%,Buckey Barnes,24,9,PM
4/19/2017,jessica.higginbottom@jom.com,402,16,418,3.83%,57,118,48.31%,Joey Jordison,29,7,PM
7/29/2017,michelle.canlas02@jasondaman.com,1139,15,1154,1.30%,29,118,24.58%,Buckey Barnes,24,3,AM
6/4/2017,hanna.luat@abc.com,848,18,866,2.08%,84,131,64.12%,Buckey Barnes,48,8,PM
12/21/2017,marie.aguas@jom.com,1032,19,1051,1.81%,50,120,41.67%,Buckey Barnes,48,5,MID
7/31/2017,mark.antonio@jasondaman.com,531,25,556,4.50%,94,97,96.91%,Don De Marco,24,1,AM
3/17/2017,jocelyn.gerochi@abc.com,343,10,353,2.83%,57,124,45.97%,Joey Jordison,31,9,MID
12/14/2017,maria.alindada@abc.com,1174,28,1202,2.33%,63,146,43.15%,Don De Marco,64,7,AM
8/4/2017,ryan.perez@jasondaman.com,428,23,451,5.10%,44,120,36.67%,Buckey Barnes,39,10,MID
10/25/2017,marie.aguas@jom.com,662,13,675,1.93%,84,139,60.43%,Don De Marco,59,1,PM
4/20/2017,bill.bautista@basil.com,523,14,537,2.61%,86,99,86.87%,Joey Jordison,51,9,PM
10/9/2017,edward.malig@basil.com,1026,24,1050,2.29%,86,135,63.70%,Joey Jordison,63,8,MID
5/29/2017,michael.villegas@basil.com,448,16,464,3.45%,89,122,72.95%,Joey Jordison,50,1,AM
9/18/2017,jocelyn.gerochi@basil.com,1006,20,1026,1.95%,29,97,29.90%,Buckey Barnes,24,8,MID
6/3/2017,rolando.cabrera@tuso.com,386,22,408,5.39%,58,98,59.18%,Buckey Barnes,35,7,MID
7/1/2017,janessa.munoz@jasondaman.com,645,22,667,3.30%,84,127,66.14%,Buckey Barnes,34,4,AM
3/13/2017,karlo.delacruz@jasondaman.com,640,29,669,4.33%,82,142,57.75%,Buckey Barnes,27,1,PM
11/20/2017,danez.bondoc@abc.com,1089,15,1104,1.36%,24,125,19.20%,Joey Jordison,22,8,AM
11/25/2017,catherin.gajelan@basil.com,931,22,953,2.31%,85,145,58.62%,Buckey Barnes,45,10,AM
4/19/2017,jerico.alde@tuso.com,503,13,516,2.52%,32,94,34.04%,Joey Jordison,36,8,PM
10/4/2017,deanly.dizon@jom.com,786,19,805,2.36%,86,141,60.99%,Joey Jordison,52,6,AM
6/16/2017,debonaire.liwanag@tuso.com,598,21,619,3.39%,95,145,65.52%,Don De Marco,43,3,AM
12/1/2017,jocelyn.gerochi@tuso.com,1167,13,1180,1.10%,38,103,36.89%,Joey Jordison,24,8,AM
2/7/2017,aljon.rivera@jasondaman.com,473,29,502,5.78%,50,143,34.97%,Buckey Barnes,25,3,MID
10/4/2017,debonaire.liwanag@jom.com,972,57,1029,5.54%,91,91,100.00%,Buckey Barnes,44,2,MID
12/20/2017,valesca.castro@abc.com,621,0,621,0.00%,27,102,26.47%,Don De Marco,61,3,PM
9/24/2017,jessica.higginbottom@basil.com,451,3,454,0.66%,21,142,14.79%,Don De Marco,23,9,MID
7/14/2017,reymar.gasparillo@basil.com,666,4,670,0.60%,24,123,19.51%,Don De Marco,22,3,MID
12/15/2017,maria.gagarin@basil.com,838,8,846,0.95%,48,137,35.04%,Don De Marco,28,7,AM
4/5/2017,deanly.dizon@jasondaman.com,950,2,952,0.21%,77,117,65.81%,Joey Jordison,35,7,MID
11/20/2017,regine.samson@tuso.com,654,4,658,0.61%,21,126,16.67%,Joey Jordison,62,1,PM
9/7/2017,ryan.perez@basil.com,821,8,829,0.97%,44,134,32.84%,Buckey Barnes,37,8,PM
4/11/2017,joy.vargas@basil.com,1106,9,1115,0.81%,94,114,82.46%,Don De Marco,30,2,PM
1/7/2017,rey.mallari@basil.com,835,5,840,0.60%,95,141,67.38%,Joey Jordison,49,7,AM
4/28/2017,may.lumba@jom.com,980,4,984,0.41%,21,149,14.09%,Joey Jordison,63,4,PM
2/28/2017,julien.reyes@jom.com,328,9,337,2.67%,69,147,46.94%,Don De Marco,54,7,AM
1/30/2017,bill.badilla@abc.com,551,9,560,1.61%,78,92,84.78%,Joey Jordison,38,1,AM
4/30/2017,rolando.cabrera@basil.com,476,4,480,0.83%,44,139,31.65%,Don De Marco,34,1,PM
3/17/2017,jonathan.euperio@jasondaman.com,488,12,500,2.40%,86,138,62.32%,Don De Marco,64,10,MID
12/4/2017,ryan.perez@tuso.com,994,11,1005,1.09%,63,141,44.68%,Don De Marco,52,10,PM
1/5/2017,maria.tatlonghari@tuso.com,995,12,1007,1.19%,63,140,45.00%,Don De Marco,59,1,AM
6/25/2017,ryan.perez@basil.com,1021,13,1034,1.26%,29,134,21.64%,Buckey Barnes,35,7,MID
11/6/2017,lea.sahagun@tuso.com,485,11,496,2.22%,60,116,51.72%,Buckey Barnes,37,4,AM
9/19/2017,rey.mallari@jasondaman.com,559,10,569,1.76%,98,95,103.16%,Don De Marco,51,3,PM
4/21/2017,michelle.canlas02@tuso.com,486,16,502,3.19%,33,92,35.87%,Don De Marco,25,5,PM
2/11/2017,reymar.gasparillo@tuso.com,1186,6,1192,0.50%,81,135,60.00%,Joey Jordison,51,2,MID
7/15/2017,danez.bondoc@jom.com,560,8,568,1.41%,37,119,31.09%,Joey Jordison,25,10,MID
2/9/2017,marie.aguas@jasondaman.com,651,5,656,0.76%,79,99,79.80%,Buckey Barnes,46,3,MID
12/29/2017,ranie.liwanag@jasondaman.com,435,10,445,2.25%,63,101,62.38%,Buckey Barnes,56,6,PM
9/22/2017,jocelyn.gerochi@jom.com,420,18,438,4.11%,94,103,91.26%,Don De Marco,51,9,MID
4/20/2017,julien.reyes@jasondaman.com,638,13,651,2.00%,90,100,90.00%,Joey Jordison,21,5,AM
7/14/2017,angelo.agbannaoag@jom.com,503,20,523,3.82%,93,93,100.00%,Buckey Barnes,45,5,MID
7/21/2017,hanna.luat@jasondaman.com,319,14,333,4.20%,97,128,75.78%,Buckey Barnes,28,3,PM
6/4/2017,karen.garces@tuso.com,425,19,444,4.28%,100,120,83.33%,Buckey Barnes,28,7,PM
7/23/2017,karen.garces@basil.com,528,16,544,2.94%,43,122,35.25%,Joey Jordison,36,4,MID
12/6/2017,aljen.lizada@jasondaman.com,1099,15,1114,1.35%,29,129,22.48%,Buckey Barnes,24,8,AM
7/20/2017,lorenzo.pingul@abc.com,987,18,1005,1.79%,23,124,18.55%,Buckey Barnes,35,7,MID
11/27/2017,valesca.castro@jom.com,1082,19,1101,1.73%,20,110,18.18%,Buckey Barnes,25,1,PM
5/10/2017,calvin.martinez@jom.com,868,25,893,2.80%,30,118,25.42%,Don De Marco,46,3,AM
1/3/2017,jerico.alde@basil.com,638,10,648,1.54%,98,136,72.06%,Joey Jordison,58,5,MID
8/7/2017,archie.cortez@basil.com,837,28,865,3.24%,27,148,18.24%,Don De Marco,55,9,AM
5/26/2017,karlo.delacruz@basil.com,774,23,797,2.89%,88,150,58.67%,Buckey Barnes,39,8,MID
7/5/2017,bill.bautista@jasondaman.com,1069,13,1082,1.20%,90,93,96.77%,Don De Marco,40,5,AM
7/22/2017,ranie.liwanag@jasondaman.com,741,14,755,1.85%,43,140,30.71%,Joey Jordison,55,2,PM
7/31/2017,danez.bondoc@basil.com,419,24,443,5.42%,72,132,54.55%,Joey Jordison,25,9,AM
8/26/2017,janessa.munoz@jom.com,489,16,505,3.17%,44,142,30.99%,Joey Jordison,55,9,PM
2/18/2017,mark.gonzales@jom.com,571,20,591,3.38%,97,132,73.48%,Buckey Barnes,63,7,AM
7/25/2017,ryan.perez@tuso.com,473,22,495,4.44%,54,110,49.09%,Buckey Barnes,24,10,AM
3/16/2017,allan.manabat@jom.com,574,22,596,3.69%,51,131,38.93%,Buckey Barnes,47,9,PM
10/8/2017,marie.aguas@jasondaman.com,326,29,355,8.17%,76,96,79.17%,Buckey Barnes,58,5,PM
4/22/2017,edward.malig@jasondaman.com,599,15,614,2.44%,34,95,35.79%,Joey Jordison,65,1,MID
6/8/2017,portia.bautista@jom.com,588,22,610,3.61%,93,111,83.78%,Buckey Barnes,28,6,PM
5/21/2017,lorenzo.pingul@basil.com,665,13,678,1.92%,56,100,56.00%,Joey Jordison,24,10,PM
1/28/2017,aljen.lizada@jom.com,1185,19,1204,1.58%,96,140,68.57%,Joey Jordison,47,1,PM
5/6/2017,michael.villegas@tuso.com,811,21,832,2.52%,66,92,71.74%,Don De Marco,37,10,AM
1/3/2017,jammie.egbert@tuso.com,367,13,380,3.42%,76,95,80.00%,Joey Jordison,48,8,MID
6/18/2017,reinerio.echauz@jom.com,1026,29,1055,2.75%,98,99,98.99%,Buckey Barnes,33,3,PM
1/31/2017,mark.antonio@jasondaman.com,603,57,660,8.64%,59,121,48.76%,Buckey Barnes,31,7,MID
11/24/2017,lorenzo.pingul@jasondaman.com,526,0,526,0.00%,65,118,55.08%,Don De Marco,57,7,MID
8/17/2017,john.david@abc.com,832,3,835,0.36%,45,104,43.27%,Don De Marco,29,5,MID
4/28/2017,jammie.egbert@tuso.com,977,4,981,0.41%,24,138,17.39%,Don De Marco,39,9,MID
12/16/2017,julien.reyes@jom.com,908,8,916,0.87%,84,142,59.15%,Don De Marco,27,4,AM
7/15/2017,raissa.utulo@jom.com,671,2,673,0.30%,23,119,19.33%,Joey Jordison,61,6,MID
1/24/2017,lea.sahagun@basil.com,326,4,330,1.21%,91,107,85.05%,Joey Jordison,52,2,AM
8/3/2017,regine.samson@jom.com,323,8,331,2.42%,43,100,43.00%,Buckey Barnes,65,5,AM
11/21/2017,jessica.higginbottom@jasondaman.com,1125,9,1134,0.79%,73,119,61.34%,Don De Marco,26,2,PM
8/19/2017,edward.malig@jom.com,783,5,788,0.63%,99,94,105.32%,Joey Jordison,45,1,PM
8/9/2017,arvin.angeles@basil.com,344,4,348,1.15%,81,112,72.32%,Joey Jordison,56,2,PM
8/9/2017,marion.yutuc@basil.com,441,9,450,2.00%,85,134,63.43%,Don De Marco,53,10,PM
3/11/2017,jammie.egbert@basil.com,787,9,796,1.13%,82,128,64.06%,Joey Jordison,65,3,PM
5/31/2017,karen.garces@jom.com,769,4,773,0.52%,78,135,57.78%,Don De Marco,34,10,PM
4/13/2017,valesca.castro@tuso.com,516,12,528,2.27%,79,109,72.48%,Don De Marco,57,1,MID
8/28/2017,arvin.angeles@abc.com,543,11,554,1.99%,49,123,39.84%,Don De Marco,52,8,MID
12/22/2017,lucky.morales@abc.com,1199,12,1211,0.99%,78,108,72.22%,Don De Marco,36,4,PM
10/30/2017,lorenzo.pingul@jom.com,980,13,993,1.31%,52,117,44.44%,Buckey Barnes,48,1,PM
11/4/2017,maria.alindada@jasondaman.com,352,11,363,3.03%,75,125,60.00%,Buckey Barnes,61,5,PM
12/13/2017,maria.tatlonghari@jasondaman.com,899,10,909,1.10%,100,138,72.46%,Don De Marco,50,7,PM
9/23/2017,aljon.rivera@jasondaman.com,974,16,990,1.62%,98,105,93.33%,Don De Marco,41,8,PM
6/9/2017,bill.badilla@basil.com,520,6,526,1.14%,52,116,44.83%,Joey Jordison,50,5,AM
9/4/2017,marie.aguas@abc.com,378,8,386,2.07%,24,140,17.14%,Joey Jordison,41,4,AM
2/25/2017,jocelyn.gerochi@jasondaman.com,907,5,912,0.55%,66,111,59.46%,Buckey Barnes,36,8,PM
3/19/2017,jammie.egbert@jasondaman.com,925,10,935,1.07%,24,132,18.18%,Buckey Barnes,63,3,AM
10/25/2017,karlo.delacruz@abc.com,1085,18,1103,1.63%,44,139,31.65%,Don De Marco,28,6,PM
9/5/2017,marion.yutuc@abc.com,300,13,313,4.15%,35,141,24.82%,Joey Jordison,62,3,AM
1/1/2017,lucky.morales@basil.com,654,20,674,2.97%,77,122,63.11%,Buckey Barnes,56,7,AM
9/12/2017,portia.bautista@abc.com,1021,14,1035,1.35%,52,144,36.11%,Buckey Barnes,36,8,MID
3/24/2017,john.david@basil.com,317,19,336,5.65%,23,97,23.71%,Buckey Barnes,29,6,PM
9/21/2017,debonaire.liwanag@jasondaman.com,665,16,681,2.35%,59,104,56.73%,Joey Jordison,50,4,AM
4/9/2017,maria.alindada@tuso.com,686,15,701,2.14%,52,149,34.90%,Buckey Barnes,34,4,AM
8/13/2017,lea.sahagun@tuso.com,819,18,837,2.15%,56,136,41.18%,Buckey Barnes,61,7,MID
1/27/2017,marie.aguas@basil.com,1186,19,1205,1.58%,86,102,84.31%,Buckey Barnes,60,5,PM
3/1/2017,rey.mallari@jom.com,1109,25,1134,2.20%,78,105,74.29%,Don De Marco,56,7,AM
8/19/2017,marie.aguas@basil.com,1097,10,1107,0.90%,75,122,61.48%,Joey Jordison,52,1,AM
6/4/2017,karen.garces@tuso.com,911,28,939,2.98%,77,101,76.24%,Don De Marco,40,3,MID
6/3/2017,may.lumba@tuso.com,1076,23,1099,2.09%,45,140,32.14%,Buckey Barnes,36,5,AM
8/8/2017,ryan.perez@jasondaman.com,306,13,319,4.08%,23,103,22.33%,Don De Marco,49,2,MID
5/10/2017,michelle.canlas02@jom.com,711,14,725,1.93%,28,130,21.54%,Joey Jordison,58,6,MID
8/7/2017,edward.malig@tuso.com,600,24,624,3.85%,55,146,37.67%,Joey Jordison,21,1,AM
5/4/2017,rey.mallari@basil.com,1019,16,1035,1.55%,49,112,43.75%,Joey Jordison,34,6,PM
12/20/2017,john.david@jom.com,671,20,691,2.89%,68,94,72.34%,Buckey Barnes,53,8,MID
8/4/2017,joy.vargas@basil.com,846,22,868,2.53%,32,114,28.07%,Buckey Barnes,22,2,MID
6/13/2017,jessica.higginbottom@tuso.com,714,22,736,2.99%,49,144,34.03%,Buckey Barnes,27,6,PM
1/7/2017,rolando.cabrera@jasondaman.com,1050,29,1079,2.69%,46,102,45.10%,Buckey Barnes,36,5,MID
10/20/2017,jessica.higginbottom@basil.com,985,15,1000,1.50%,96,117,82.05%,Joey Jordison,52,8,MID
11/27/2017,danez.bondoc@basil.com,759,22,781,2.82%,86,99,86.87%,Buckey Barnes,37,7,MID
8/9/2017,ryan.perez@jom.com,595,13,608,2.14%,36,122,29.51%,Joey Jordison,58,7,MID
9/24/2017,danez.bondoc@jasondaman.com,1070,19,1089,1.74%,84,123,68.29%,Joey Jordison,54,2,MID
7/15/2017,mark.antonio@jom.com,872,21,893,2.35%,91,119,76.47%,Don De Marco,26,3,MID
2/14/2017,portia.bautista@jasondaman.com,909,13,922,1.41%,70,148,47.30%,Joey Jordison,31,6,PM
11/20/2017,bernard.gana@jasondaman.com,621,29,650,4.46%,23,116,19.83%,Buckey Barnes,47,8,PM
5/27/2017,maria.gagarin@jom.com,814,57,871,6.54%,33,100,33.00%,Buckey Barnes,41,3,PM
6/19/2017,arvin.angeles@jasondaman.com,987,0,987,0.00%,66,116,56.90%,Don De Marco,35,5,MID
1/15/2017,valesca.castro@basil.com,1065,3,1068,0.28%,88,129,68.22%,Don De Marco,27,6,AM
7/20/2017,wren.tabios@jom.com,462,4,466,0.86%,94,112,83.93%,Don De Marco,52,5,PM
4/16/2017,julien.reyes@tuso.com,959,8,967,0.83%,36,148,24.32%,Don De Marco,55,4,MID
1/15/2017,maria.alindada@basil.com,600,2,602,0.33%,72,118,61.02%,Joey Jordison,42,9,AM
6/29/2017,michael.villegas@jom.com,409,4,413,0.97%,40,106,37.74%,Joey Jordison,65,1,MID
8/25/2017,deanly.dizon@abc.com,679,8,687,1.16%,35,124,28.23%,Buckey Barnes,30,1,PM
7/11/2017,edward.malig@abc.com,580,9,589,1.53%,42,113,37.17%,Don De Marco,51,2,PM
2/18/2017,jonathan.euperio@basil.com,644,5,649,0.77%,72,126,57.14%,Joey Jordison,63,10,MID
5/11/2017,debonaire.liwanag@basil.com,1172,4,1176,0.34%,29,139,20.86%,Joey Jordison,65,3,AM
10/19/2017,deanly.dizon@tuso.com,939,9,948,0.95%,75,134,55.97%,Don De Marco,59,6,PM
6/29/2017,valesca.castro@jasondaman.com,991,9,1000,0.90%,35,113,30.97%,Joey Jordison,48,10,PM
11/13/2017,janessa.munoz@tuso.com,800,4,804,0.50%,91,110,82.73%,Don De Marco,33,5,AM
7/14/2017,archie.cortez@abc.com,514,12,526,2.28%,90,135,66.67%,Don De Marco,65,7,MID
5/13/2017,jessica.higginbottom@jasondaman.com,631,11,642,1.71%,27,93,29.03%,Don De Marco,30,9,AM
12/20/2017,calvin.martinez@tuso.com,1187,12,1199,1.00%,72,94,76.60%,Don De Marco,43,4,PM
9/23/2017,bernard.gana@basil.com,492,13,505,2.57%,88,119,73.95%,Buckey Barnes,29,6,AM
7/25/2017,mark.gonzales@jasondaman.com,343,11,354,3.11%,21,105,20.00%,Buckey Barnes,37,1,AM
7/26/2017,karen.garces@abc.com,1040,10,1050,0.95%,43,125,34.40%,Don De Marco,40,10,AM
8/7/2017,john.david@jasondaman.com,319,16,335,4.78%,28,112,25.00%,Don De Marco,28,2,PM
8/21/2017,karlo.delacruz@basil.com,978,6,984,0.61%,44,120,36.67%,Joey Jordison,62,1,AM
9/14/2017,portia.bautista@jasondaman.com,1082,8,1090,0.73%,38,93,40.86%,Joey Jordison,52,5,MID
1/30/2017,arvin.angeles@jasondaman.com,528,5,533,0.94%,92,113,81.42%,Buckey Barnes,27,3,AM
11/15/2017,rey.mallari@tuso.com,573,10,583,1.72%,59,126,46.83%,Buckey Barnes,57,1,AM
11/30/2017,bill.bautista@abc.com,504,18,522,3.45%,62,94,65.96%,Don De Marco,36,5,AM
4/28/2017,archie.cortez@jom.com,369,13,382,3.40%,25,90,27.78%,Joey Jordison,65,4,MID
12/21/2017,jessica.higginbottom@basil.com,500,20,520,3.85%,76,105,72.38%,Buckey Barnes,46,4,AM
12/17/2017,wren.tabios@basil.com,754,14,768,1.82%,59,114,51.75%,Buckey Barnes,43,3,MID
1/5/2017,bernard.gana@tuso.com,1057,19,1076,1.77%,90,139,64.75%,Buckey Barnes,39,1,PM
3/21/2017,jammie.egbert@abc.com,901,16,917,1.74%,86,105,81.90%,Joey Jordison,58,10,MID
1/19/2017,maria.alindada@basil.com,1184,15,1199,1.25%,47,116,40.52%,Buckey Barnes,54,4,MID
12/4/2017,bill.bautista@jasondaman.com,1144,18,1162,1.55%,73,124,58.87%,Buckey Barnes,43,8,MID
4/1/2017,avigail.manalili@basil.com,885,19,904,2.10%,50,109,45.87%,Buckey Barnes,51,3,PM
3/7/2017,aljen.lizada@jasondaman.com,1054,25,1079,2.32%,29,112,25.89%,Don De Marco,36,10,AM
3/7/2017,jammie.egbert@jasondaman.com,311,10,321,3.12%,86,93,92.47%,Joey Jordison,34,7,PM
7/29/2017,bill.badilla@basil.com,1118,28,1146,2.44%,91,141,64.54%,Don De Marco,49,5,AM
10/26/2017,bernard.gana@jom.com,1064,23,1087,2.12%,23,95,24.21%,Buckey Barnes,52,6,PM
4/2/2017,lucky.morales@jasondaman.com,901,13,914,1.42%,39,129,30.23%,Don De Marco,53,2,PM
2/19/2017,michelle.canlas02@jom.com,1058,14,1072,1.31%,41,115,35.65%,Joey Jordison,34,7,MID
11/29/2017,aljon.rivera@jom.com,464,24,488,4.92%,45,126,35.71%,Joey Jordison,29,9,MID
9/10/2017,jonathan.euperio@jasondaman.com,628,16,644,2.48%,94,143,65.73%,Joey Jordison,38,3,MID
7/27/2017,hanna.luat@abc.com,471,20,491,4.07%,35,141,24.82%,Buckey Barnes,24,8,AM
4/28/2017,lucky.morales@abc.com,801,22,823,2.67%,97,124,78.23%,Buckey Barnes,60,5,MID
7/16/2017,joy.vargas@jom.com,624,22,646,3.41%,70,144,48.61%,Buckey Barnes,22,3,AM
3/13/2017,portia.bautista@basil.com,364,29,393,7.38%,82,112,73.21%,Buckey Barnes,39,5,AM
4/22/2017,ranie.liwanag@abc.com,940,15,955,1.57%,36,137,26.28%,Joey Jordison,43,2,MID
9/18/2017,bernard.gana@jasondaman.com,828,22,850,2.59%,100,118,84.75%,Buckey Barnes,51,2,MID
7/12/2017,maria.alindada@jom.com,964,13,977,1.33%,42,124,33.87%,Joey Jordison,59,2,PM
5/31/2017,regine.samson@basil.com,1068,19,1087,1.75%,53,138,38.41%,Joey Jordison,22,6,MID
3/2/2017,rolando.cabrera@jom.com,627,21,648,3.24%,100,122,81.97%,Don De Marco,39,5,AM
2/16/2017,reymar.gasparillo@tuso.com,460,13,473,2.75%,31,144,21.53%,Joey Jordison,31,6,AM
4/1/2017,raissa.utulo@jasondaman.com,1148,29,1177,2.46%,46,96,47.92%,Buckey Barnes,25,4,AM
10/28/2017,bill.badilla@jasondaman.com,1094,57,1151,4.95%,82,100,82.00%,Buckey Barnes,46,7,MID
3/18/2017,michael.villegas@jasondaman.com,810,0,810,0.00%,60,109,55.05%,Don De Marco,44,2,AM
2/6/2017,rey.mallari@jasondaman.com,956,3,959,0.31%,47,134,35.07%,Don De Marco,40,7,MID
6/17/2017,hanna.luat@basil.com,718,4,722,0.55%,32,126,25.40%,Don De Marco,65,8,MID
12/27/2017,regine.samson@jasondaman.com,1182,8,1190,0.67%,57,132,43.18%,Don De Marco,49,9,AM
3/2/2017,lea.sahagun@jasondaman.com,446,2,448,0.45%,77,111,69.37%,Joey Jordison,36,3,MID
6/16/2017,maria.tatlonghari@tuso.com,810,4,814,0.49%,29,118,24.58%,Joey Jordison,31,9,MID
5/20/2017,mark.gonzales@tuso.com,1186,8,1194,0.67%,36,92,39.13%,Buckey Barnes,28,4,PM
6/8/2017,mark.antonio@abc.com,855,9,864,1.04%,83,125,66.40%,Don De Marco,46,9,AM
5/9/2017,maria.gagarin@jasondaman.com,1020,5,1025,0.49%,62,149,41.61%,Joey Jordison,61,1,MID
10/23/2017,lorenzo.pingul@basil.com,360,4,364,1.10%,78,91,85.71%,Joey Jordison,37,9,PM
11/26/2017,valesca.castro@jasondaman.com,552,9,561,1.60%,49,123,39.84%,Don De Marco,46,10,AM
5/14/2017,wren.tabios@jasondaman.com,435,9,444,2.03%,51,140,36.43%,Joey Jordison,24,5,MID
3/25/2017,rolando.cabrera@abc.com,589,4,593,0.67%,78,90,86.67%,Don De Marco,56,9,PM
3/15/2017,rey.mallari@jom.com,1176,12,1188,1.01%,78,145,53.79%,Don De Marco,42,5,PM
1/30/2017,jonathan.euperio@basil.com,645,11,656,1.68%,52,125,41.60%,Don De Marco,40,5,MID
2/28/2017,lorenzo.pingul@basil.com,480,12,492,2.44%,80,115,69.57%,Don De Marco,59,3,MID
2/12/2017,ranie.liwanag@tuso.com,935,13,948,1.37%,38,107,35.51%,Buckey Barnes,22,6,PM
4/3/2017,mark.gonzales@basil.com,882,11,893,1.23%,70,146,47.95%,Buckey Barnes,27,3,AM
1/14/2017,aljon.rivera@jom.com,777,10,787,1.27%,58,98,59.18%,Don De Marco,43,1,AM
4/8/2017,rolando.cabrera@jom.com,856,16,872,1.83%,40,114,35.09%,Don De Marco,48,2,PM
3/3/2017,reinerio.echauz@jasondaman.com,678,6,684,0.88%,48,127,37.80%,Joey Jordison,60,6,AM
3/23/2017,catherin.gajelan@abc.com,793,8,801,1.00%,89,112,79.46%,Joey Jordison,39,10,MID
12/1/2017,archie.cortez@jasondaman.com,710,5,715,0.70%,92,105,87.62%,Buckey Barnes,37,2,PM
6/5/2017,wren.tabios@jasondaman.com,658,10,668,1.50%,26,92,28.26%,Buckey Barnes,27,6,PM
8/18/2017,mark.gonzales@tuso.com,1089,18,1107,1.63%,68,124,54.84%,Don De Marco,52,7,MID
8/25/2017,julien.reyes@tuso.com,857,13,870,1.49%,56,129,43.41%,Joey Jordison,56,10,MID
3/2/2017,karlo.delacruz@jasondaman.com,752,20,772,2.59%,49,128,38.28%,Buckey Barnes,64,3,AM
11/4/2017,karlo.delacruz@basil.com,1188,14,1202,1.16%,93,93,100.00%,Buckey Barnes,43,5,PM
8/19/2017,joy.vargas@tuso.com,345,19,364,5.22%,68,92,73.91%,Buckey Barnes,21,6,PM
4/4/2017,mark.antonio@basil.com,673,16,689,2.32%,58,147,39.46%,Joey Jordison,56,10,AM
6/6/2017,mark.antonio@basil.com,362,15,377,3.98%,85,96,88.54%,Buckey Barnes,44,8,AM
6/2/2017,calvin.martinez@abc.com,1100,18,1118,1.61%,51,114,44.74%,Buckey Barnes,58,7,MID
4/4/2017,catherin.gajelan@jom.com,497,19,516,3.68%,97,122,79.51%,Buckey Barnes,50,8,PM
3/27/2017,jocelyn.gerochi@tuso.com,973,25,998,2.51%,60,92,65.22%,Don De Marco,40,9,MID
6/28/2017,wren.tabios@jom.com,1144,10,1154,0.87%,53,101,52.48%,Joey Jordison,36,5,MID
10/6/2017,may.lumba@basil.com,469,28,497,5.63%,79,122,64.75%,Don De Marco,37,5,MID
4/30/2017,regine.samson@jom.com,485,23,508,4.53%,76,98,77.55%,Buckey Barnes,28,5,PM
1/2/2017,jammie.egbert@jasondaman.com,607,13,620,2.10%,27,128,21.09%,Don De Marco,54,2,PM
6/7/2017,angelo.agbannaoag@tuso.com,367,14,381,3.67%,30,144,20.83%,Joey Jordison,34,10,AM
5/23/2017,rolando.cabrera@abc.com,781,24,805,2.98%,67,128,52.34%,Joey Jordison,25,8,AM
7/9/2017,portia.bautista@basil.com,743,16,759,2.11%,78,106,73.58%,Joey Jordison,49,7,MID
2/6/2017,catherin.gajelan@jasondaman.com,755,20,775,2.58%,65,126,51.59%,Buckey Barnes,61,9,AM
9/24/2017,maria.gagarin@basil.com,911,22,933,2.36%,68,134,50.75%,Buckey Barnes,58,6,PM
2/6/2017,jocelyn.gerochi@jasondaman.com,730,22,752,2.93%,77,117,65.81%,Buckey Barnes,24,6,MID
8/6/2017,joy.vargas@basil.com,334,29,363,7.99%,88,111,79.28%,Buckey Barnes,45,1,AM
11/9/2017,raissa.utulo@basil.com,371,15,386,3.89%,91,108,84.26%,Joey Jordison,25,6,PM
5/9/2017,jocelyn.gerochi@jasondaman.com,536,22,558,3.94%,29,125,23.20%,Buckey Barnes,50,6,MID
4/15/2017,marie.aguas@basil.com,782,13,795,1.64%,22,144,15.28%,Joey Jordison,64,3,PM
4/24/2017,karlo.delacruz@jom.com,903,19,922,2.06%,64,140,45.71%,Joey Jordison,46,2,AM
3/14/2017,lorenzo.pingul@jasondaman.com,311,21,332,6.33%,51,125,40.80%,Don De Marco,47,8,MID
2/5/2017,angelo.agbannaoag@basil.com,1052,13,1065,1.22%,27,121,22.31%,Joey Jordison,58,10,MID
8/19/2017,deanly.dizon@abc.com,496,29,525,5.52%,98,106,92.45%,Buckey Barnes,46,10,PM
4/24/2017,reymar.gasparillo@abc.com,727,57,784,7.27%,51,122,41.80%,Buckey Barnes,44,4,MID
11/21/2017,john.david@basil.com,978,0,978,0.00%,36,103,34.95%,Don De Marco,28,1,PM
3/27/2017,karen.garces@basil.com,644,3,647,0.46%,97,101,96.04%,Don De Marco,61,9,AM
6/5/2017,reymar.gasparillo@jom.com,627,4,631,0.63%,25,142,17.61%,Don De Marco,51,8,AM
8/1/2017,john.david@tuso.com,937,8,945,0.85%,83,94,88.30%,Don De Marco,35,8,AM
5/3/2017,lucky.morales@jom.com,535,2,537,0.37%,28,91,30.77%,Joey Jordison,25,4,MID
4/20/2017,alexander.dula@jasondaman.com,372,4,376,1.06%,90,97,92.78%,Joey Jordison,29,10,PM
6/12/2017,mark.gonzales@basil.com,747,8,755,1.06%,40,113,35.40%,Buckey Barnes,58,6,MID
6/18/2017,marion.yutuc@jom.com,605,9,614,1.47%,61,146,41.78%,Don De Marco,61,9,PM
2/16/2017,joy.vargas@jom.com,1078,5,1083,0.46%,45,127,35.43%,Joey Jordison,49,3,AM
4/5/2017,rey.mallari@basil.com,1161,4,1165,0.34%,49,93,52.69%,Joey Jordison,31,9,MID
4/27/2017,lea.sahagun@basil.com,871,9,880,1.02%,56,111,50.45%,Don De Marco,57,2,PM
12/4/2017,mark.gonzales@basil.com,772,9,781,1.15%,75,102,73.53%,Joey Jordison,61,5,PM
4/6/2017,maria.gagarin@tuso.com,631,4,635,0.63%,32,146,21.92%,Don De Marco,29,3,AM
8/6/2017,valesca.castro@tuso.com,1182,12,1194,1.01%,52,107,48.60%,Don De Marco,38,1,AM
12/23/2017,reinerio.echauz@basil.com,1082,11,1093,1.01%,67,119,56.30%,Don De Marco,31,10,PM
11/26/2017,raissa.utulo@tuso.com,1160,12,1172,1.02%,89,113,78.76%,Don De Marco,56,2,PM
4/6/2017,aljon.rivera@abc.com,1006,13,1019,1.28%,61,131,46.56%,Buckey Barnes,21,4,PM
11/12/2017,may.lumba@basil.com,1105,11,1116,0.99%,48,112,42.86%,Buckey Barnes,30,6,AM
10/14/2017,allan.manabat@jasondaman.com,611,10,621,1.61%,31,128,24.22%,Don De Marco,59,2,PM
9/12/2017,karen.garces@jom.com,537,16,553,2.89%,24,126,19.05%,Don De Marco,49,1,MID
2/5/2017,regine.samson@jasondaman.com,1045,6,1051,0.57%,60,113,53.10%,Joey Jordison,22,6,PM
1/25/2017,maria.tatlonghari@jasondaman.com,718,8,726,1.10%,59,94,62.77%,Joey Jordison,59,6,PM
11/8/2017,julien.reyes@jasondaman.com,965,5,970,0.52%,43,144,29.86%,Buckey Barnes,34,5,PM
1/30/2017,wren.tabios@abc.com,659,10,669,1.49%,26,149,17.45%,Buckey Barnes,46,6,PM
3/19/2017,jerico.alde@basil.com,1035,18,1053,1.71%,90,140,64.29%,Don De Marco,50,4,MID
10/28/2017,ranie.liwanag@tuso.com,454,13,467,2.78%,37,95,38.95%,Joey Jordison,64,5,PM
12/1/2017,aljon.rivera@basil.com,403,20,423,4.73%,68,142,47.89%,Buckey Barnes,31,6,PM
8/10/2017,julien.reyes@basil.com,440,14,454,3.08%,20,111,18.02%,Buckey Barnes,28,2,PM
9/25/2017,valesca.castro@jom.com,1177,19,1196,1.59%,31,142,21.83%,Buckey Barnes,55,4,MID
8/27/2017,maria.alindada@jom.com,1052,16,1068,1.50%,71,145,48.97%,Joey Jordison,48,2,AM
3/13/2017,alexander.dula@jom.com,475,15,490,3.06%,27,103,26.21%,Buckey Barnes,23,3,PM
9/30/2017,ranie.liwanag@jasondaman.com,1076,18,1094,1.65%,93,116,80.17%,Buckey Barnes,39,8,AM
4/23/2017,jocelyn.gerochi@jom.com,464,19,483,3.93%,70,102,68.63%,Buckey Barnes,42,10,AM
11/18/2017,julien.reyes@basil.com,358,25,383,6.53%,60,99,60.61%,Don De Marco,38,5,PM
9/2/2017,ryan.perez@jasondaman.com,613,10,623,1.61%,78,100,78.00%,Joey Jordison,61,6,AM
11/21/2017,mark.antonio@tuso.com,790,28,818,3.42%,21,145,14.48%,Don De Marco,65,8,PM
12/30/2017,john.david@jasondaman.com,426,23,449,5.12%,30,107,28.04%,Buckey Barnes,37,9,MID
8/3/2017,reinerio.echauz@jasondaman.com,1131,13,1144,1.14%,72,147,48.98%,Don De Marco,43,4,MID
3/14/2017,maria.tatlonghari@abc.com,572,14,586,2.39%,98,97,101.03%,Joey Jordison,25,3,MID
12/25/2017,bill.bautista@jom.com,1013,24,1037,2.31%,40,108,37.04%,Joey Jordison,31,1,MID
12/9/2017,lorenzo.pingul@tuso.com,777,16,793,2.02%,50,120,41.67%,Joey Jordison,31,4,PM
10/5/2017,bernard.gana@abc.com,939,20,959,2.09%,61,102,59.80%,Buckey Barnes,56,9,AM
1/5/2017,hanna.luat@jom.com,746,22,768,2.86%,87,92,94.57%,Buckey Barnes,55,1,PM
7/17/2017,alexander.dula@basil.com,1102,22,1124,1.96%,75,127,59.06%,Buckey Barnes,37,9,PM
8/14/2017,jammie.egbert@basil.com,503,29,532,5.45%,66,119,55.46%,Buckey Barnes,26,7,PM
4/14/2017,lea.sahagun@basil.com,559,15,574,2.61%,58,103,56.31%,Joey Jordison,60,4,AM
3/16/2017,rolando.cabrera@jasondaman.com,449,22,471,4.67%,97,103,94.17%,Buckey Barnes,53,8,MID
1/14/2017,allan.manabat@basil.com,1004,13,1017,1.28%,82,143,57.34%,Joey Jordison,24,3,PM
12/8/2017,aljon.rivera@basil.com,1028,19,1047,1.81%,34,95,35.79%,Joey Jordison,65,2,MID
9/19/2017,angelo.agbannaoag@basil.com,1175,21,1196,1.76%,70,113,61.95%,Don De Marco,44,6,MID
12/22/2017,alexander.dula@basil.com,1017,13,1030,1.26%,51,99,51.52%,Joey Jordison,37,4,PM
3/24/2017,aljen.lizada@jom.com,1045,29,1074,2.70%,74,110,67.27%,Buckey Barnes,65,10,AM
5/17/2017,reymar.gasparillo@jasondaman.com,886,57,943,6.04%,60,111,54.05%,Buckey Barnes,65,9,MID
11/6/2017,karlo.delacruz@abc.com,821,0,821,0.00%,37,109,33.94%,Don De Marco,26,7,PM
7/26/2017,edward.malig@basil.com,547,3,550,0.55%,21,97,21.65%,Don De Marco,49,4,AM
10/13/2017,lea.sahagun@jom.com,631,4,635,0.63%,53,134,39.55%,Don De Marco,33,10,MID
2/7/2017,calvin.martinez@tuso.com,848,8,856,0.93%,93,111,83.78%,Don De Marco,33,2,AM
11/19/2017,danez.bondoc@jasondaman.com,1104,2,1106,0.18%,60,137,43.80%,Joey Jordison,52,3,PM
1/3/2017,marion.yutuc@jasondaman.com,460,4,464,0.86%,58,120,48.33%,Joey Jordison,52,2,AM
10/7/2017,allan.manabat@jasondaman.com,823,8,831,0.96%,82,147,55.78%,Buckey Barnes,55,3,AM
12/2/2017,michael.villegas@tuso.com,1134,9,1143,0.79%,60,106,56.60%,Don De Marco,42,1,MID
9/14/2017,reinerio.echauz@basil.com,701,5,706,0.71%,96,134,71.64%,Joey Jordison,49,8,PM
12/26/2017,rey.mallari@tuso.com,1143,4,1147,0.35%,94,140,67.14%,Joey Jordison,35,3,AM
10/14/2017,john.david@jasondaman.com,488,9,497,1.81%,35,97,36.08%,Don De Marco,60,8,PM
7/29/2017,angelo.agbannaoag@jasondaman.com,587,9,596,1.51%,51,115,44.35%,Joey Jordison,43,9,PM
2/7/2017,mark.gonzales@abc.com,498,4,502,0.80%,85,146,58.22%,Don De Marco,33,9,MID
7/3/2017,bill.badilla@tuso.com,500,12,512,2.34%,28,102,27.45%,Don De Marco,22,9,PM
5/28/2017,archie.cortez@basil.com,581,11,592,1.86%,26,140,18.57%,Don De Marco,49,5,PM
3/2/2017,marion.yutuc@jasondaman.com,562,12,574,2.09%,47,117,40.17%,Don De Marco,22,5,PM
1/18/2017,deanly.dizon@tuso.com,856,13,869,1.50%,87,125,69.60%,Buckey Barnes,55,10,MID
3/5/2017,reinerio.echauz@abc.com,1033,11,1044,1.05%,51,142,35.92%,Buckey Barnes,33,10,MID
5/9/2017,jammie.egbert@jom.com,577,10,587,1.70%,41,146,28.08%,Don De Marco,52,8,AM
12/16/2017,debonaire.liwanag@abc.com,923,16,939,1.70%,59,92,64.13%,Don De Marco,36,4,PM
1/4/2017,michelle.canlas02@abc.com,986,6,992,0.60%,47,149,31.54%,Joey Jordison,21,4,MID
5/27/2017,lea.sahagun@jom.com,620,8,628,1.27%,94,111,84.68%,Joey Jordison,33,3,MID
3/24/2017,jessica.higginbottom@jom.com,497,5,502,1.00%,89,109,81.65%,Buckey Barnes,43,9,PM
3/25/2017,karen.garces@jasondaman.com,450,10,460,2.17%,34,114,29.82%,Buckey Barnes,33,3,PM
2/16/2017,regine.samson@jom.com,336,18,354,5.08%,70,108,64.81%,Don De Marco,38,2,MID
12/28/2017,bill.bautista@jasondaman.com,1086,13,1099,1.18%,36,98,36.73%,Joey Jordison,31,3,MID
1/4/2017,maria.alindada@basil.com,520,20,540,3.70%,83,125,66.40%,Buckey Barnes,44,10,PM
6/9/2017,aljon.rivera@basil.com,899,14,913,1.53%,92,145,63.45%,Buckey Barnes,50,3,PM
7/17/2017,ryan.perez@abc.com,820,19,839,2.26%,45,143,31.47%,Buckey Barnes,46,7,AM
3/4/2017,jocelyn.gerochi@basil.com,907,16,923,1.73%,92,126,73.02%,Joey Jordison,32,2,MID
6/1/2017,archie.cortez@abc.com,696,15,711,2.11%,44,105,41.90%,Buckey Barnes,64,3,AM
4/26/2017,wren.tabios@basil.com,642,18,660,2.73%,28,105,26.67%,Buckey Barnes,24,10,MID
7/14/2017,angelo.agbannaoag@basil.com,468,19,487,3.90%,61,124,49.19%,Buckey Barnes,35,2,PM
5/23/2017,lucky.morales@jom.com,521,25,546,4.58%,21,115,18.26%,Don De Marco,43,2,MID
3/29/2017,reymar.gasparillo@jom.com,832,10,842,1.19%,40,112,35.71%,Joey Jordison,54,2,MID
4/25/2017,allan.manabat@abc.com,796,28,824,3.40%,47,97,48.45%,Don De Marco,46,2,AM
2/26/2017,mark.gonzales@jasondaman.com,535,23,558,4.12%,51,101,50.50%,Buckey Barnes,57,7,AM
9/4/2017,marion.yutuc@basil.com,357,13,370,3.51%,100,148,67.57%,Don De Marco,48,1,AM
3/22/2017,maria.gagarin@jasondaman.com,379,14,393,3.56%,65,105,61.90%,Joey Jordison,29,7,MID
1/29/2017,may.lumba@jasondaman.com,648,24,672,3.57%,96,113,84.96%,Joey Jordison,46,2,AM
1/2/2017,aljon.rivera@tuso.com,1140,16,1156,1.38%,89,92,96.74%,Joey Jordison,64,2,AM
11/22/2017,lucky.morales@tuso.com,1051,20,1071,1.87%,91,112,81.25%,Buckey Barnes,41,5,AM
7/4/2017,lorenzo.pingul@jom.com,1162,22,1184,1.86%,58,142,40.85%,Buckey Barnes,29,4,MID
8/20/2017,reymar.gasparillo@jasondaman.com,1121,22,1143,1.92%,66,94,70.21%,Buckey Barnes,58,4,PM
5/18/2017,john.david@abc.com,1037,29,1066,2.72%,90,150,60.00%,Buckey Barnes,58,8,AM
8/30/2017,danez.bondoc@abc.com,769,15,784,1.91%,98,98,100.00%,Joey Jordison,59,6,PM
11/12/2017,avigail.manalili@jom.com,1195,22,1217,1.81%,62,104,59.62%,Buckey Barnes,57,8,PM
3/28/2017,bill.bautista@jom.com,1174,13,1187,1.10%,69,140,49.29%,Joey Jordison,24,1,PM
6/17/2017,avigail.manalili@tuso.com,860,19,879,2.16%,56,127,44.09%,Joey Jordison,46,10,PM
5/4/2017,jerico.alde@jom.com,886,21,907,2.32%,22,120,18.33%,Don De Marco,56,2,MID
11/5/2017,edward.malig@jasondaman.com,633,13,646,2.01%,26,129,20.16%,Joey Jordison,55,3,PM
11/6/2017,alexander.dula@tuso.com,978,29,1007,2.88%,40,117,34.19%,Buckey Barnes,49,6,PM
7/23/2017,deanly.dizon@basil.com,1097,57,1154,4.94%,75,117,64.10%,Buckey Barnes,48,3,PM
11/17/2017,ranie.liwanag@jom.com,1064,0,1064,0.00%,88,97,90.72%,Don De Marco,49,7,AM
9/15/2017,wren.tabios@tuso.com,1145,3,1148,0.26%,46,130,35.38%,Don De Marco,30,2,PM
8/11/2017,mark.antonio@jasondaman.com,419,4,423,0.95%,62,144,43.06%,Don De Marco,21,3,AM
3/18/2017,danez.bondoc@basil.com,480,8,488,1.64%,37,110,33.64%,Don De Marco,38,3,MID
3/10/2017,may.lumba@tuso.com,485,2,487,0.41%,29,118,24.58%,Joey Jordison,53,1,MID
7/27/2017,avigail.manalili@jasondaman.com,1112,4,1116,0.36%,48,100,48.00%,Joey Jordison,33,8,AM
9/30/2017,janessa.munoz@basil.com,1076,8,1084,0.74%,69,133,51.88%,Buckey Barnes,52,10,MID
11/21/2017,edward.malig@jasondaman.com,574,9,583,1.54%,65,111,58.56%,Don De Marco,52,2,PM
1/29/2017,calvin.martinez@jasondaman.com,407,5,412,1.21%,69,113,61.06%,Joey Jordison,46,9,MID
6/2/2017,catherin.gajelan@tuso.com,740,4,744,0.54%,72,91,79.12%,Joey Jordison,25,10,AM
10/11/2017,hanna.luat@basil.com,430,9,439,2.05%,95,133,71.43%,Don De Marco,43,1,AM
8/15/2017,lea.sahagun@jasondaman.com,784,9,793,1.13%,54,138,39.13%,Joey Jordison,43,3,MID
8/14/2017,marion.yutuc@tuso.com,722,4,726,0.55%,28,107,26.17%,Don De Marco,41,8,MID
11/5/2017,rolando.cabrera@basil.com,988,12,1000,1.20%,95,150,63.33%,Don De Marco,46,4,AM
1/11/2017,marion.yutuc@basil.com,647,11,658,1.67%,62,129,48.06%,Don De Marco,29,2,MID
1/12/2017,karen.garces@jasondaman.com,573,12,585,2.05%,39,110,35.45%,Don De Marco,25,9,MID
6/5/2017,aljen.lizada@abc.com,818,13,831,1.56%,32,106,30.19%,Buckey Barnes,38,7,PM
1/2/2017,michelle.canlas02@basil.com,939,11,950,1.16%,23,149,15.44%,Buckey Barnes,64,7,MID
1/3/2017,may.lumba@jasondaman.com,302,10,312,3.21%,93,143,65.03%,Don De Marco,50,4,PM
8/24/2017,janessa.munoz@abc.com,605,16,621,2.58%,98,105,93.33%,Don De Marco,52,5,MID
2/22/2017,wren.tabios@basil.com,468,6,474,1.27%,71,90,78.89%,Joey Jordison,44,1,AM
3/25/2017,alexander.dula@jom.com,569,8,577,1.39%,50,147,34.01%,Joey Jordison,52,7,AM
4/13/2017,calvin.martinez@jasondaman.com,312,5,317,1.58%,53,117,45.30%,Buckey Barnes,31,2,PM
1/1/2017,lucky.morales@jasondaman.com,1003,10,1013,0.99%,71,104,68.27%,Buckey Barnes,62,3,PM
1/15/2017,maria.tatlonghari@jom.com,1090,18,1108,1.62%,73,93,78.49%,Don De Marco,63,7,MID
11/15/2017,janessa.munoz@jasondaman.com,612,13,625,2.08%,26,136,19.12%,Joey Jordison,36,1,PM
4/1/2017,raissa.utulo@jasondaman.com,961,20,981,2.04%,60,94,63.83%,Buckey Barnes,44,10,MID
12/25/2017,jocelyn.gerochi@basil.com,527,14,541,2.59%,44,109,40.37%,Buckey Barnes,44,8,MID
8/7/2017,john.david@basil.com,840,19,859,2.21%,40,107,37.38%,Buckey Barnes,57,4,PM
5/18/2017,maria.tatlonghari@jom.com,795,16,811,1.97%,93,149,62.42%,Joey Jordison,36,9,MID
3/27/2017,lea.sahagun@jasondaman.com,615,15,630,2.38%,20,141,14.18%,Buckey Barnes,30,8,MID
2/6/2017,catherin.gajelan@basil.com,712,18,730,2.47%,62,147,42.18%,Buckey Barnes,39,1,AM
8/30/2017,jerico.alde@jom.com,1069,19,1088,1.75%,90,97,92.78%,Buckey Barnes,31,8,AM
5/13/2017,janessa.munoz@basil.com,554,25,579,4.32%,98,112,87.50%,Don De Marco,34,5,MID
3/21/2017,karlo.delacruz@jom.com,562,10,572,1.75%,60,141,42.55%,Joey Jordison,31,6,AM
10/28/2017,regine.samson@abc.com,350,28,378,7.41%,88,99,88.89%,Don De Marco,52,10,PM
8/3/2017,jerico.alde@jasondaman.com,1049,23,1072,2.15%,25,107,23.36%,Buckey Barnes,28,4,MID
7/9/2017,debonaire.liwanag@basil.com,638,13,651,2.00%,72,132,54.55%,Don De Marco,25,5,MID
7/19/2017,archie.cortez@jom.com,589,14,603,2.32%,96,135,71.11%,Joey Jordison,49,10,AM
1/8/2017,edward.malig@jom.com,1106,24,1130,2.12%,86,114,75.44%,Joey Jordison,34,10,MID
10/12/2017,janessa.munoz@jom.com,460,16,476,3.36%,85,139,61.15%,Joey Jordison,58,6,AM
5/10/2017,rey.mallari@abc.com,611,20,631,3.17%,96,142,67.61%,Buckey Barnes,32,2,MID
12/22/2017,maria.gagarin@jasondaman.com,303,22,325,6.77%,56,102,54.90%,Buckey Barnes,52,6,PM
5/29/2017,allan.manabat@basil.com,364,22,386,5.70%,41,113,36.28%,Buckey Barnes,58,1,AM
11/4/2017,bernard.gana@tuso.com,756,29,785,3.69%,74,130,56.92%,Buckey Barnes,60,10,MID
6/23/2017,may.lumba@basil.com,544,15,559,2.68%,36,127,28.35%,Joey Jordison,30,4,AM
7/7/2017,portia.bautista@tuso.com,955,22,977,2.25%,85,141,60.28%,Buckey Barnes,29,8,MID
6/26/2017,karen.garces@basil.com,867,13,880,1.48%,85,103,82.52%,Joey Jordison,57,8,AM
8/5/2017,ryan.perez@basil.com,844,19,863,2.20%,34,117,29.06%,Joey Jordison,55,1,PM
12/3/2017,lorenzo.pingul@abc.com,991,21,1012,2.08%,60,117,51.28%,Don De Marco,44,2,PM
6/18/2017,valesca.castro@basil.com,1031,13,1044,1.25%,24,123,19.51%,Joey Jordison,53,4,PM
11/11/2017,maria.gagarin@jom.com,439,29,468,6.20%,77,123,62.60%,Buckey Barnes,30,7,MID
1/20/2017,bernard.gana@jasondaman.com,612,57,669,8.52%,53,134,39.55%,Buckey Barnes,33,5,PM
3/18/2017,aljen.lizada@basil.com,628,0,628,0.00%,63,102,61.76%,Don De Marco,39,6,PM
6/5/2017,bernard.gana@jom.com,548,3,551,0.54%,89,148,60.14%,Don De Marco,58,5,AM
12/16/2017,jerico.alde@jasondaman.com,1146,4,1150,0.35%,77,113,68.14%,Don De Marco,32,1,AM
9/11/2017,allan.manabat@tuso.com,932,8,940,0.85%,41,93,44.09%,Don De Marco,56,2,AM
2/25/2017,allan.manabat@jom.com,1088,2,1090,0.18%,57,137,41.61%,Joey Jordison,34,4,PM
11/23/2017,lea.sahagun@abc.com,980,4,984,0.41%,32,105,30.48%,Joey Jordison,58,8,AM
1/20/2017,raissa.utulo@jom.com,1123,8,1131,0.71%,23,95,24.21%,Buckey Barnes,46,6,AM
2/5/2017,bill.badilla@jom.com,1047,9,1056,0.85%,35,136,25.74%,Don De Marco,49,4,AM
4/8/2017,calvin.martinez@basil.com,530,5,535,0.93%,47,124,37.90%,Joey Jordison,29,10,MID
7/4/2017,joy.vargas@abc.com,930,4,934,0.43%,97,104,93.27%,Joey Jordison,63,6,MID
5/20/2017,may.lumba@jasondaman.com,1185,9,1194,0.75%,69,120,57.50%,Don De Marco,34,3,MID
5/19/2017,angelo.agbannaoag@tuso.com,515,9,524,1.72%,29,98,29.59%,Joey Jordison,28,9,PM
7/17/2017,bill.badilla@tuso.com,1044,4,1048,0.38%,38,150,25.33%,Don De Marco,49,10,MID
1/12/2017,ranie.liwanag@basil.com,683,12,695,1.73%,80,135,59.26%,Don De Marco,62,9,MID
6/4/2017,may.lumba@jom.com,324,11,335,3.28%,67,99,67.68%,Don De Marco,24,6,PM
10/8/2017,debonaire.liwanag@jom.com,425,12,437,2.75%,62,120,51.67%,Don De Marco,43,6,PM
7/27/2017,julien.reyes@basil.com,898,13,911,1.43%,45,146,30.82%,Buckey Barnes,50,4,PM
8/4/2017,bernard.gana@basil.com,1024,11,1035,1.06%,96,143,67.13%,Buckey Barnes,62,9,PM
11/27/2017,hanna.luat@basil.com,588,10,598,1.67%,62,105,59.05%,Don De Marco,55,4,MID
11/18/2017,jonathan.euperio@jasondaman.com,849,16,865,1.85%,54,104,51.92%,Don De Marco,36,3,PM
9/2/2017,karlo.delacruz@tuso.com,708,6,714,0.84%,89,146,60.96%,Joey Jordison,58,1,PM
8/31/2017,portia.bautista@tuso.com,649,8,657,1.22%,21,99,21.21%,Joey Jordison,29,4,MID
12/31/2017,angelo.agbannaoag@abc.com,1005,5,1010,0.50%,91,131,69.47%,Buckey Barnes,58,5,AM
5/26/2017,michael.villegas@abc.com,1199,10,1209,0.83%,72,138,52.17%,Buckey Barnes,54,6,AM
5/29/2017,hanna.luat@tuso.com,342,18,360,5.00%,39,133,29.32%,Don De Marco,57,8,AM
1/17/2017,valesca.castro@basil.com,792,13,805,1.61%,88,92,95.65%,Joey Jordison,47,8,AM
1/29/2017,jonathan.euperio@jom.com,368,20,388,5.15%,24,109,22.02%,Buckey Barnes,61,1,MID
1/16/2017,lucky.morales@jom.com,1191,14,1205,1.16%,45,122,36.89%,Buckey Barnes,40,2,PM
1/2/2017,jonathan.euperio@tuso.com,780,19,799,2.38%,83,96,86.46%,Buckey Barnes,59,6,PM
11/12/2017,danez.bondoc@jom.com,975,16,991,1.61%,99,112,88.39%,Joey Jordison,64,9,AM
2/11/2017,joy.vargas@jasondaman.com,513,15,528,2.84%,71,113,62.83%,Buckey Barnes,41,6,MID
12/29/2017,jonathan.euperio@jom.com,407,18,425,4.24%,69,114,60.53%,Buckey Barnes,52,6,PM
8/15/2017,danez.bondoc@tuso.com,895,19,914,2.08%,72,124,58.06%,Buckey Barnes,38,5,MID
7/31/2017,joy.vargas@tuso.com,735,25,760,3.29%,61,102,59.80%,Don De Marco,26,3,PM
1/1/2017,may.lumba@abc.com,515,10,525,1.90%,27,121,22.31%,Joey Jordison,58,3,MID
2/18/2017,rey.mallari@jasondaman.com,404,28,432,6.48%,94,102,92.16%,Don De Marco,42,1,MID
1/11/2017,lucky.morales@basil.com,344,23,367,6.27%,44,145,30.34%,Buckey Barnes,48,3,MID
11/1/2017,michelle.canlas02@jasondaman.com,655,13,668,1.95%,55,142,38.73%,Don De Marco,63,2,AM
7/6/2017,archie.cortez@jasondaman.com,833,14,847,1.65%,68,94,72.34%,Joey Jordison,31,5,AM
10/8/2017,angelo.agbannaoag@jom.com,615,24,639,3.76%,91,145,62.76%,Joey Jordison,32,10,PM
4/13/2017,maria.gagarin@abc.com,962,16,978,1.64%,51,141,36.17%,Joey Jordison,24,8,AM
11/20/2017,reinerio.echauz@jom.com,482,20,502,3.98%,68,120,56.67%,Buckey Barnes,38,6,MID
5/15/2017,mark.gonzales@jom.com,1068,22,1090,2.02%,50,117,42.74%,Buckey Barnes,54,4,PM
11/18/2017,avigail.manalili@basil.com,1064,22,1086,2.03%,58,147,39.46%,Buckey Barnes,28,6,AM
2/10/2017,julien.reyes@abc.com,539,29,568,5.11%,28,119,23.53%,Buckey Barnes,42,4,PM
5/30/2017,catherin.gajelan@abc.com,808,15,823,1.82%,55,137,40.15%,Joey Jordison,60,4,PM
10/22/2017,michelle.canlas02@basil.com,935,22,957,2.30%,50,139,35.97%,Buckey Barnes,40,9,AM
3/17/2017,janessa.munoz@basil.com,986,13,999,1.30%,83,147,56.46%,Joey Jordison,46,1,MID
5/27/2017,arvin.angeles@jom.com,937,19,956,1.99%,69,91,75.82%,Joey Jordison,53,7,MID
5/2/2017,jonathan.euperio@abc.com,812,21,833,2.52%,22,130,16.92%,Don De Marco,64,7,AM
6/7/2017,hanna.luat@jom.com,398,13,411,3.16%,24,107,22.43%,Joey Jordison,50,8,AM
11/30/2017,allan.manabat@abc.com,1145,29,1174,2.47%,60,150,40.00%,Buckey Barnes,31,3,PM
10/5/2017,hanna.luat@jasondaman.com,907,57,964,5.91%,63,146,43.15%,Buckey Barnes,23,7,PM
7/14/2017,ranie.liwanag@basil.com,1017,0,1017,0.00%,28,141,19.86%,Don De Marco,39,4,MID
7/24/2017,wren.tabios@tuso.com,1048,3,1051,0.29%,34,120,28.33%,Don De Marco,51,5,AM
1/7/2017,reinerio.echauz@tuso.com,527,4,531,0.75%,82,112,73.21%,Don De Marco,62,4,AM
6/16/2017,deanly.dizon@basil.com,941,8,949,0.84%,79,134,58.96%,Don De Marco,59,1,PM
2/13/2017,reymar.gasparillo@basil.com,1101,2,1103,0.18%,33,90,36.67%,Joey Jordison,55,5,PM
4/15/2017,aljen.lizada@tuso.com,836,4,840,0.48%,36,101,35.64%,Joey Jordison,53,7,PM
2/18/2017,deanly.dizon@jom.com,882,8,890,0.90%,93,123,75.61%,Buckey Barnes,49,7,MID
2/27/2017,alexander.dula@jasondaman.com,422,9,431,2.09%,52,94,55.32%,Don De Marco,40,8,PM
4/12/2017,marion.yutuc@jasondaman.com,668,5,673,0.74%,91,119,76.47%,Joey Jordison,64,2,AM
5/30/2017,catherin.gajelan@basil.com,1191,4,1195,0.33%,98,98,100.00%,Joey Jordison,34,3,AM
8/20/2017,angelo.agbannaoag@jasondaman.com,672,9,681,1.32%,72,138,52.17%,Don De Marco,37,2,AM
9/28/2017,bill.bautista@basil.com,987,9,996,0.90%,67,122,54.92%,Joey Jordison,59,1,PM
8/10/2017,alexander.dula@basil.com,612,4,616,0.65%,74,148,50.00%,Don De Marco,46,5,AM
1/10/2017,catherin.gajelan@jasondaman.com,469,12,481,2.49%,46,132,34.85%,Don De Marco,27,4,AM
10/23/2017,calvin.martinez@basil.com,414,11,425,2.59%,58,130,44.62%,Don De Marco,36,8,MID
3/7/2017,danez.bondoc@tuso.com,996,12,1008,1.19%,51,124,41.13%,Don De Marco,47,10,PM
3/17/2017,wren.tabios@jasondaman.com,323,13,336,3.87%,47,138,34.06%,Buckey Barnes,23,4,AM
12/24/2017,maria.alindada@tuso.com,826,11,837,1.31%,79,127,62.20%,Buckey Barnes,60,2,PM
2/16/2017,marion.yutuc@tuso.com,956,10,966,1.04%,77,97,79.38%,Don De Marco,40,7,MID
11/20/2017,alexander.dula@abc.com,592,16,608,2.63%,80,114,70.18%,Don De Marco,56,1,AM
9/29/2017,jerico.alde@jasondaman.com,569,6,575,1.04%,55,121,45.45%,Joey Jordison,41,6,AM
8/31/2017,marie.aguas@tuso.com,629,8,637,1.26%,30,145,20.69%,Joey Jordison,22,5,PM
5/3/2017,catherin.gajelan@jom.com,979,5,984,0.51%,86,112,76.79%,Buckey Barnes,44,2,PM
4/7/2017,calvin.martinez@abc.com,706,10,716,1.40%,60,137,43.80%,Buckey Barnes,55,3,PM
3/5/2017,avigail.manalili@abc.com,1080,18,1098,1.64%,31,141,21.99%,Don De Marco,40,4,MID
7/30/2017,bernard.gana@basil.com,443,13,456,2.85%,77,103,74.76%,Joey Jordison,39,10,AM
8/22/2017,mark.antonio@jom.com,623,20,643,3.11%,91,111,81.98%,Buckey Barnes,28,2,AM
1/7/2017,reymar.gasparillo@jasondaman.com,478,14,492,2.85%,73,90,81.11%,Buckey Barnes,59,9,AM
10/22/2017,mark.gonzales@abc.com,560,19,579,3.28%,37,112,33.04%,Buckey Barnes,28,5,MID
11/22/2017,portia.bautista@jom.com,1138,16,1154,1.39%,95,125,76.00%,Joey Jordison,39,1,AM
12/14/2017,ranie.liwanag@jom.com,991,15,1006,1.49%,94,121,77.69%,Buckey Barnes,25,2,AM
11/1/2017,marion.yutuc@jom.com,1098,18,1116,1.61%,22,130,16.92%,Buckey Barnes,43,10,AM
11/13/2017,maria.alindada@jom.com,970,19,989,1.92%,90,125,72.00%,Buckey Barnes,43,10,AM
11/3/2017,jonathan.euperio@basil.com,658,25,683,3.66%,84,128,65.63%,Don De Marco,29,8,AM
10/5/2017,michael.villegas@basil.com,375,10,385,2.60%,36,119,30.25%,Joey Jordison,42,1,MID
5/19/2017,marie.aguas@tuso.com,1151,28,1179,2.37%,38,127,29.92%,Don De Marco,51,2,PM
11/16/2017,lucky.morales@tuso.com,1076,23,1099,2.09%,98,149,65.77%,Buckey Barnes,55,6,MID
1/3/2017,archie.cortez@jasondaman.com,660,13,673,1.93%,97,145,66.90%,Don De Marco,33,7,PM
12/4/2017,alexander.dula@abc.com,1132,14,1146,1.22%,77,128,60.16%,Joey Jordison,48,1,MID
2/14/2017,raissa.utulo@tuso.com,947,24,971,2.47%,20,129,15.50%,Joey Jordison,62,6,PM
8/16/2017,jessica.higginbottom@jasondaman.com,340,16,356,4.49%,82,106,77.36%,Joey Jordison,61,9,MID
11/13/2017,edward.malig@basil.com,1001,20,1021,1.96%,58,122,47.54%,Buckey Barnes,35,4,AM
6/9/2017,aljen.lizada@basil.com,427,22,449,4.90%,20,129,15.50%,Buckey Barnes,51,9,AM
6/11/2017,rolando.cabrera@basil.com,525,22,547,4.02%,91,136,66.91%,Buckey Barnes,61,7,AM
9/26/2017,allan.manabat@basil.com,787,29,816,3.55%,79,104,75.96%,Buckey Barnes,61,7,MID
8/27/2017,regine.samson@basil.com,812,15,827,1.81%,87,114,76.32%,Joey Jordison,58,8,MID
11/27/2017,maria.tatlonghari@jom.com,360,22,382,5.76%,50,126,39.68%,Buckey Barnes,33,1,AM
8/17/2017,deanly.dizon@jasondaman.com,397,13,410,3.17%,31,122,25.41%,Joey Jordison,57,8,MID
5/31/2017,michael.villegas@jasondaman.com,394,19,413,4.60%,68,119,57.14%,Joey Jordison,40,1,AM
7/5/2017,michael.villegas@abc.com,738,21,759,2.77%,99,142,69.72%,Don De Marco,37,2,AM
4/29/2017,portia.bautista@jasondaman.com,341,13,354,3.67%,20,103,19.42%,Joey Jordison,60,5,AM
10/18/2017,michael.villegas@jom.com,1156,29,1185,2.45%,41,129,31.78%,Buckey Barnes,29,10,PM
2/27/2017,debonaire.liwanag@jasondaman.com,809,57,866,6.58%,88,98,89.80%,Buckey Barnes,25,7,PM
